<?xml version="1.0" encoding="UTF-8"?>
<beans xmlns="http://www.springframework.org/schema/beans"
       xmlns:xsi="http://www.w3.org/2001/XMLSchema-instance"
       xmlns:aop="http://www.springframework.org/schema/aop"
       xsi:schemaLocation="http://www.springframework.org/schema/beans http://www.springframework.org/schema/beans/spring-beans-3.1.xsd
        http://www.springframework.org/schema/aop http://www.springframework.org/schema/aop/spring-aop-3.1.xsd"
       default-lazy-init="true">

    <bean id="solrServerManager" class="com.womai.search.soa.solr.SolrServerManager">
        <property name="solrServer" value="http://10.0.0.156:9666/solr/"/>
    </bean>
    <bean id="solrTransaction" class="com.womai.search.soa.solr.SolrTransaction">
        <property name="solrServerManager" ref="solrServerManager"/>
    </bean>
    <aop:config>
        <aop:aspect id="SolrTransaction" ref="solrTransaction">
            <aop:pointcut id="solrService" expression="execution(* com.womai.search.soa.solr.service.impl.*.*(..))"/>
            <aop:before method="doBefore" pointcut-ref="solrService"/>
            <aop:after method="doAfter" pointcut-ref="solrService"/>
        </aop:aspect>
    </aop:config>

</beans>